{"name":"TC RADIOS","short_name":"TC","description":"Uplifting Tamil & Malayalam Christian Radio Stations","start_url":"/index.html","scope":"/","display":"standalone","orientation":"portrait","background_color":"#111827","theme_color":"#f97316","icons":[{"src":"/icons/icon-192x192.png","sizes":"192x192","type":"image/png","purpose":"any"},{"src":"/icons/icon-192x192.png","sizes":"192x192","type":"image/png","purpose":"maskable"},{"src":"/icons/icon-512x512.png","sizes":"512x512","type":"image/png","purpose":"any"},{"src":"/icons/icon-512x512.png","sizes":"512x512","type":"image/png","purpose":"maskable"}],"categories":["music","entertainment","lifestyle"],"lang":"en","dir":"ltr","prefer_related_applications":false,"related_applications":[],"edge_side_panel":{"preferred_width":400}}